company_age;interest_rate;count
+20;0.404027341585073;10826
0-5;0.4015151515151515;132
10-20;0.4034128462416632;16643
5-10;0.4215318011077863;15707
