remote_work;interest_rate;count
0.0;0.4730793450881612;6352
1.0;0.5490196078431373;561
2.0;0.4226110363391655;2229
