relocation;interest_rate;count
0.0;0.46350315902675093;7439
1.0;0.4738696418085731;1703
