visa_sponsorship;interest_rate;count
0.0;0.4571083366894885;7449
1.0;0.5020673360897815;1693
