remote_work;interest_rate;count
0.0;0.47973545870781753;5897
1.0;0.5012345679012346;405
2.0;0.4403409090909091;1056
