visa_sponsorship;interest_rate;count
0.0;0.4603122432210353;6085
1.0;0.5467399842890809;1273
