relocation;interest_rate;count
0.0;0.46888818698673407;6332
1.0;0.5146198830409356;1026
