company_age;interest_rate;count
+20;0.4012181943216426;10179
0-5;0.4015151515151515;132
10-20;0.40113981762917933;13160
5-10;0.4156140726468279;14013
